srno,dress_id,style,price,rating,dress_size,season,neckline,sleeve_length,waistline,material,Stock available,demand,Exceed,sold,Date,Quarter
1,1006032852,Sexy,1813,4.6,M,Summer,o-neck,sleeveless,empire,,2215,1601,0,1601,08-01-2018,Q1
2,1212192089,Casual,1040,0,L,Summer,o-neck,Petal,natural,microfiber,1707,2191,484,1707,04-05-2018,Q1
3,1190380701,vintage,7258,0,L,Autumn,o-neck,full,natural,polyster,4043,3630,0,3630,03-05-2018,Q1
4,966005983,Brief,7227,4.6,L,Spring,o-neck,full,natural,silk,4688,2495,0,2495,28-02-2018,Q1
5,876339541,cute,709,4.5,M,Summer,o-neck,butterfly,natural,chiffonfabric,1279,2294,1015,1279,18-03-2018,Q1
6,1068332458,bohemian,1310,0,M,Summer,v-neck,sleeveless,empire,,1545,1927,382,1545,05-06-2018,Q1
7,1220707172,Casual,7243,0,XL,Summer,o-neck,full,,cotton,4050,2377,0,2377,26-06-2018,Q1
8,1219677488,Novelty,4126,0,free,Autumn,o-neck,short,natural,polyster,3220,1259,0,1259,01-04-2018,Q1
9,1113094204,Flare,4803,0,free,Spring,v-neck,short,empire,cotton,3004,2928,0,2928,12-02-2018,Q1
10,985292672,bohemian,5604,0,free,Summer,v-neck,sleeveless,natural,nylon,3016,2451,0,2451,23-05-2018,Q1
11,1117293701,party,2902,5,free,Summer,o-neck,full,natural,polyster,4335,4549,214,4335,05-03-2018,Q1
12,898481530,Flare,1044,0,free,Spring,v-neck,short,,nylon,3058,1706,0,1706,18-03-2018,Q1
13,957723897,Sexy,1262,4.7,M,Winter,o-neck,threequarter,,,3054,2937,0,2937,15-03-2018,Q1
14,749031896,vintage,7761,4.8,M,Summer,o-neck,short,empire,cotton,3197,4555,1358,3197,13-05-2018,Q1
15,1055411544,Casual,6929,5,M,Summer,boat-neck,short,,cotton,1879,4388,2509,1879,30-01-2018,Q1
16,1162628131,Casual,1265,0,free,Winter,boat-neck,full,,,3337,3923,586,3337,07-01-2018,Q1
17,624314841,cute,7377,4.7,L,Spring,o-neck,short,,cotton,4699,4131,0,4131,13-03-2018,Q1
18,830467746,bohemian,1218,5,free,Autumn,o-neck,full,natural,,3608,2790,0,2790,09-03-2018,Q1
19,840857118,Brief,3765,0,M,Winter,peterpan-collar,threequarter,natural,cotton,3289,2380,0,2380,02-06-2018,Q1
20,1113221101,Sexy,5117,5,M,Autumn,o-neck,sleeveless,empire,milksilk,3788,3112,0,3112,14-03-2018,Q1
21,861754372,Sexy,6141,4.5,L,Autumn,o-neck,full,,cotton,4025,2811,0,2811,16-02-2018,Q1
22,856178100,Casual,3437,4.3,M,Summer,o-neck,sleeveless,natural,,1995,3994,1999,1995,06-01-2018,Q1
23,1122989777,Brief,4969,4,XL,Summer,v-neck,short,natural,cotton,1906,4063,2157,1906,13-01-2018,Q1
24,840516484,Sexy,7545,4.7,S,Summer,v-neck,sleeveless,empire,cotton,4891,3346,0,3346,24-02-2018,Q1
25,768517084,Sexy,2774,0,free,Autumn,v-neck,sleeveless,natural,polyster,3130,2005,0,2005,29-04-2018,Q1
26,1139843344,Sexy,1733,0,M,Autumn,o-neck,sleeveless,empire,cotton,3162,4595,1433,3162,23-02-2018,Q1
27,1004212992,Sexy,4883,4.7,M,Spring,o-neck,sleeveless,natural,,1737,4508,2771,1737,26-05-2018,Q1
28,1235426503,Casual,2885,0,L,Summer,o-neck,sleeveless,natural,cotton,2504,1120,0,1120,23-03-2018,Q1
29,942808364,cute,6153,4.3,free,Autumn,o-neck,sleeveless,natural,polyster,1566,2536,970,1566,21-01-2018,Q1
30,629131530,cute,6048,4.7,M,Spring,ruffled,short,empire,chiffonfabric,3727,1181,0,1181,19-01-2018,Q1
31,851945460,Casual,3346,4.6,L,Autumn,o-neck,sleeveless,empire,polyster,1151,3684,2533,1151,15-04-2018,Q1
32,1150275464,Casual,3630,0,M,Spring,o-neck,sleeveless,natural,silk,3633,2760,0,2760,30-06-2018,Q1
33,1026634314,Casual,2177,4.4,L,Autumn,o-neck,sleeveless,natural,linen,2562,4743,2181,2562,12-05-2018,Q1
34,978773911,Brief,5923,4.3,L,Spring,o-neck,sleeveless,empire,,4670,3833,0,3833,25-03-2018,Q1
35,827791337,party,3445,4.7,M,Spring,o-neck,threequarter,,,3937,1963,0,1963,04-01-2018,Q1
36,640823350,Casual,5098,4.6,free,Winter,boat-neck,full,natural,cotton,3391,3601,210,3391,02-04-2018,Q1
37,801861988,vintage,3832,4.6,free,Winter,o-neck,full,natural,,2776,2730,0,2730,17-04-2018,Q1
38,1060207186,Brief,1932,0,M,Autumn,o-neck,short,natural,cotton,2610,4426,1816,2610,12-06-2018,Q1
39,1054679816,party,6881,4.6,M,Winter,o-neck,sleeveless,natural,cotton,4862,4572,0,4572,29-05-2018,Q1
40,941190190,Casual,1333,4.5,M,Spring,v-neck,short,empire,cotton,1331,4206,2875,1331,20-06-2018,Q1
41,943844640,Brief,6517,5,free,Spring,v-neck,sleeveless,natural,cotton,2800,2678,0,2678,08-03-2018,Q1
42,661795386,Brief,3164,4.4,L,Autumn,o-neck,halfsleeve,natural,rayon,4580,4198,0,4198,28-03-2018,Q1
43,875312593,Casual,3245,4.8,M,Winter,o-neck,short,natural,lycra,4061,1665,0,1665,13-01-2018,Q1
44,971387676,Casual,2259,4.8,free,Spring,o-neck,sleeveless,natural,cotton,1516,1543,27,1516,24-05-2018,Q1
45,1021185637,vintage,3753,4.8,M,Winter,o-neck,sleeveless,natural,cotton,4954,3443,0,3443,14-06-2018,Q1
46,1163826114,Sexy,5732,0,M,Winter,o-neck,short,natural,,3423,1732,0,1732,10-01-2018,Q1
47,735635595,Sexy,2852,4.8,L,Spring,v-neck,threequarter,empire,polyster,2031,3557,1526,2031,01-03-2018,Q1
48,1175184188,Casual,2397,0,M,Summer,o-neck,halfsleeve,natural,cotton,3528,1012,0,1012,25-03-2018,Q1
49,679415939,Casual,1551,4.7,M,Summer,o-neck,sleeveless,empire,milksilk,4724,4711,0,4711,15-02-2018,Q1
50,884147971,Casual,4397,0,L,Winter,boat-neck,full,empire,,2941,4445,1504,2941,05-06-2018,Q1
51,841203385,Sexy,7112,5,free,Summer,v-neck,sleeveless,empire,,4371,2683,0,2683,24-01-2018,Q1
52,1117997056,Casual,4392,4.3,free,Summer,o-neck,sleeveless,,milksilk,2704,1267,0,1267,19-05-2018,Q1
53,1160536550,Casual,1882,0,L,Spring,o-neck,halfsleeve,natural,polyster,1210,3393,2183,1210,17-03-2018,Q1
54,828623528,Casual,7220,4.6,free,Autumn,o-neck,sleeveless,natural,polyster,1978,2221,243,1978,22-02-2018,Q1
55,763708514,Sexy,6837,4.5,M,Spring,o-neck,threequarter,natural,polyster,4979,1427,0,1427,06-03-2018,Q1
56,1153442065,Novelty,1911,0,S,Winter,turndowncollor,full,natural,cotton,1096,3674,2578,1096,14-06-2018,Q1
57,743729613,Casual,6780,4.9,S,Winter,turndowncollor,full,natural,cotton,1364,3786,2422,1364,09-03-2018,Q1
58,1000493051,Sexy,4990,4.6,L,Autumn,o-neck,sleeveless,natural,,1431,3887,2456,1431,17-03-2018,Q1
59,911085061,bohemian,3000,4.5,M,Summer,v-neck,sleeveless,natural,polyster,4892,2313,0,2313,28-05-2018,Q1
60,1174854264,work,1976,0,M,Autumn,slash-neck,sleeveless,natural,polyster,3315,3219,0,3219,17-03-2018,Q1
61,1053296757,cute,1650,0,M,Spring,v-neck,full,natural,rayon,3759,1427,0,1427,25-06-2018,Q1
62,1033843327,Casual,6350,0,free,Spring,o-neck,short,natural,cotton,1713,1112,0,1112,16-02-2018,Q1
63,1083779666,Casual,6993,5,M,Summer,o-neck,short,empire,polyster,3494,4741,1247,3494,25-04-2018,Q1
64,746255172,Casual,3839,4.7,M,Spring,o-neck,sleeveless,natural,,1212,2100,888,1212,09-04-2018,Q1
65,1100974555,Sexy,3669,4,S,Autumn,o-neck,sleeveless,empire,cotton,2417,4440,2023,2417,04-05-2018,Q1
66,1019134411,Casual,5496,5,M,Autumn,v-neck,short,natural,cotton,1635,1257,0,1257,01-05-2018,Q1
67,1072477320,Casual,5008,0,free,Summer,v-neck,halfsleeve,natural,silk,1940,4942,3002,1940,18-04-2018,Q1
68,638423913,Casual,2069,4.5,S,Winter,o-neck,full,natural,polyster,1588,2030,442,1588,27-03-2018,Q1
69,936425780,work,3187,4.8,L,Summer,v-neck,short,natural,polyster,3125,3155,30,3125,07-03-2018,Q1
70,1146088956,Casual,3872,0,M,Autumn,v-neck,short,empire,polyster,2173,3346,1173,2173,04-04-2018,Q1
71,864253055,bohemian,5582,5,free,Summer,v-neck,sleeveless,natural,cotton,3253,4396,1143,3253,12-06-2018,Q1
72,1210582154,Sexy,3894,0,M,Spring,v-neck,short,natural,polyster,3962,2899,0,2899,27-01-2018,Q1
73,926480831,Sexy,5216,4.2,M,Winter,v-neck,sleeveless,natural,cotton,2260,3659,1399,2260,10-01-2018,Q1
74,757260823,Casual,830,4.8,free,Spring,o-neck,full,natural,cotton,2049,4293,2244,2049,12-02-2018,Q1
75,630561922,Casual,7676,4.4,S,Autumn,o-neck,sleeveless,natural,polyster,1414,2331,917,1414,19-03-2018,Q1
76,734061929,Casual,3771,4.7,L,Spring,o-neck,short,,chiffonfabric,1981,3190,1209,1981,20-04-2018,Q1
77,842060995,Casual,7414,5,XL,Winter,boat-neck,full,,cotton,4982,4114,0,4114,01-06-2018,Q1
78,1078431253,Casual,2525,0,free,Spring,v-neck,sleeveless,,cotton,1691,4012,2321,1691,05-05-2018,Q1
79,939770391,Casual,5103,0,free,Spring,o-neck,sleeveless,natural,,2585,1452,0,1452,04-05-2018,Q1
80,943188872,bohemian,1782,4.7,free,Winter,v-neck,sleeveless,,polyster,3522,4096,574,3522,26-02-2018,Q1
81,1130994272,Casual,5250,5,M,Summer,v-neck,sleeveless,empire,polyster,2833,3538,705,2833,15-04-2018,Q1
82,907117649,party,3867,4.7,M,Spring,v-neck,sleeveless,natural,polyster,2141,1766,0,1766,28-03-2018,Q1
83,967999477,Sexy,3398,5,free,Spring,o-neck,full,natural,cotton,4178,1542,0,1542,26-04-2018,Q1
84,944656411,vintage,6290,4.6,M,Summer,o-neck,short,natural,,3153,3010,0,3010,08-01-2018,Q1
85,1096779299,Casual,4521,0,free,Winter,o-neck,halfsleeve,empire,polyster,1678,2864,1186,1678,12-02-2018,Q1
86,1036333255,Casual,1685,4.9,L,Summer,boat-neck,short,,,2411,3206,795,2411,30-05-2018,Q1
87,1065316076,Casual,3903,0,S,Autumn,o-neck,full,natural,,1152,4170,3018,1152,06-01-2018,Q1
88,995802744,Sexy,5213,4,S,Autumn,v-neck,sleeveless,,rayon,1106,3388,2282,1106,12-01-2018,Q1
89,1018110870,Sexy,7551,5,M,Autumn,o-neck,full,natural,,3313,1110,0,1110,15-06-2018,Q1
90,850586379,Brief,2520,4.6,M,Winter,peterpan-collar,threequarter,,cotton,4939,3683,0,3683,16-02-2018,Q1
91,1169895668,Casual,739,0,L,Spring,boat-neck,sleeveless,natural,cotton,3704,1381,0,1381,22-06-2018,Q1
92,688966772,Casual,1776,4.8,L,Winter,o-neck,short,natural,cotton,4193,3885,0,3885,24-05-2018,Q1
93,1194626925,OL,5579,0,M,Winter,mandarin-collar,halfsleeve,natural,cotton,3492,2515,0,2515,02-02-2018,Q1
94,876708804,Sexy,7629,4.8,M,Spring,o-neck,halfsleeve,natural,silk,3145,4755,1610,3145,04-03-2018,Q1
95,1118628066,Casual,6215,0,S,Spring,v-neck,full,,,2231,4329,2098,2231,04-06-2018,Q1
96,1027818824,Casual,1649,0,M,Spring,v-neck,threequarter,natural,silk,2437,4167,1730,2437,29-03-2018,Q1
97,891103323,Casual,2262,0,M,Spring,o-neck,sleeveless,natural,silk,4819,1466,0,1466,06-06-2018,Q1
98,1166855026,Casual,1546,0,free,Winter,v-neck,full,natural,,1612,1760,148,1612,28-04-2018,Q1
99,1023850025,vintage,5638,4.8,S,Summer,o-neck,short,natural,,2433,1564,0,1564,16-06-2018,Q1
100,805438829,Sexy,5775,4.8,L,Summer,v-neck,full,natural,cotton,2046,3304,1258,2046,22-05-2018,Q1
101,836788720,fashion,7480,4,free,Summer,open,full,,cotton,4691,1015,0,1015,24-05-2018,Q1
102,835787654,Casual,1193,4.7,L,Summer,v-neck,short,natural,,1252,2555,1303,1252,23-03-2018,Q1
103,1148457078,Casual,4270,0,free,Winter,o-neck,halfsleeve,natural,polyster,1416,1152,0,1152,18-02-2018,Q1
104,887476609,bohemian,1044,4.8,free,Summer,o-neck,short,,,3907,4885,978,3907,30-04-2018,Q1
105,535968075,work,5588,4.6,L,Winter,square-collar,short,empire,cotton,4826,4411,0,4411,20-01-2018,Q1
106,892801580,vintage,6555,4.7,L,Summer,o-neck,short,natural,cotton,4141,4134,0,4134,02-05-2018,Q1
107,732650169,cute,6857,4.7,M,Spring,o-neck,short,empire,polyster,4652,1506,0,1506,13-05-2018,Q1
108,680070369,Casual,7973,4.6,free,Autumn,o-neck,full,natural,cotton,3743,4412,669,3743,30-06-2018,Q1
109,1002440915,Casual,3720,0,free,Spring,o-neck,sleeveless,natural,cotton,3109,2085,0,2085,04-02-2018,Q1
110,737538048,Casual,1842,4.7,L,Autumn,o-neck,halfsleeve,,,3431,1647,0,1647,02-01-2018,Q1
111,1104450248,Sexy,5044,0,L,Autumn,v-neck,sleeveless,empire,,3455,3192,0,3192,28-02-2018,Q1
112,797673346,Casual,2199,4.7,free,Winter,o-neck,sleeveless,natural,cotton,3692,4585,893,3692,11-02-2018,Q1
113,1039982741,Casual,5585,0,M,Autumn,o-neck,short,empire,polyster,1674,1786,112,1674,20-01-2018,Q1
114,829087315,cute,4047,4.8,L,Autumn,slash-neck,sleeveless,natural,,3748,3161,0,3161,24-02-2018,Q1
115,1032990258,party,2092,5,M,Spring,o-neck,halfsleeve,natural,,1889,3364,1475,1889,18-05-2018,Q1
116,939422280,cute,2443,4.3,L,Winter,o-neck,sleeveless,natural,,2446,3368,922,2446,07-01-2018,Q1
117,974746803,Casual,2567,4.5,L,Spring,o-neck,short,natural,cotton,3723,3148,0,3148,10-02-2018,Q1
118,1018130478,Casual,2799,4.7,L,Autumn,o-neck,full,,cotton,3929,4080,151,3929,29-06-2018,Q1
119,956758119,Casual,1092,4.5,free,Autumn,v-neck,short,natural,silk,2778,4679,1901,2778,27-05-2018,Q1
120,903426442,Sexy,608,3.6,L,Winter,v-neck,full,natural,polyster,3947,2648,0,2648,14-06-2018,Q1
121,861626197,work,3736,4.8,L,Winter,v-neck,short,natural,mix,3409,1179,0,1179,09-02-2018,Q1
122,1077015977,vintage,3643,0,free,Summer,o-neck,sleeveless,,,1833,3952,2119,1833,23-05-2018,Q1
123,817870237,Sexy,3839,4.6,free,Spring,o-neck,full,natural,,4349,3789,0,3789,08-02-2018,Q1
124,1078996836,Sexy,2330,0,free,Winter,v-neck,sleeveless,empire,cotton,4020,3702,0,3702,05-04-2018,Q1
125,881530990,work,589,4.6,L,Spring,o-neck,short,empire,cotton,1576,2371,795,1576,07-01-2018,Q1
126,937046375,Casual,7579,4.4,M,Summer,o-neck,short,empire,,1301,4434,3133,1301,01-03-2018,Q1
127,870994067,cute,6678,4.9,M,Autumn,o-neck,short,natural,chiffonfabric,2468,3966,1498,2468,03-04-2018,Q1
128,893330898,Sexy,5210,4.6,free,Summer,v-neck,sleeveless,natural,cotton,3641,2896,0,2896,30-06-2018,Q1
129,822053936,party,1975,4.4,free,Autumn,v-neck,threequarter,natural,,2491,1884,0,1884,13-05-2018,Q1
130,1059959935,Casual,979,0,free,Spring,o-neck,short,,cotton,1649,1081,0,1081,21-02-2018,Q1
131,1197204708,Casual,1815,0,M,Summer,v-neck,full,natural,acrylic,1858,2385,527,1858,05-03-2018,Q1
132,713439584,Sexy,6931,4.6,M,Winter,o-neck,full,natural,polyster,3055,3131,76,3055,09-01-2018,Q1
133,732736124,work,1458,4.6,M,Spring,v-neck,full,,,2958,2754,0,2754,06-04-2018,Q1
134,709353440,cute,1575,4.7,L,Winter,o-neck,sleeveless,natural,chiffonfabric,4011,1751,0,1751,10-02-2018,Q1
135,1031230798,bohemian,3788,4.7,L,Autumn,o-neck,sleeveless,natural,,3490,3795,305,3490,12-01-2018,Q1
136,1225512606,cute,6029,0,M,Winter,o-neck,threequarter,empire,silk,3886,3528,0,3528,31-05-2018,Q1
137,1158347154,Casual,3903,0,XL,Winter,o-neck,short,empire,polyster,4815,4527,0,4527,06-05-2018,Q1
138,976975672,Novelty,3341,4.9,L,Autumn,o-neck,short,natural,polyster,3247,4275,1028,3247,16-04-2018,Q1
139,520233308,Casual,605,4.7,M,Autumn,o-neck,full,,cotton,2344,3940,1596,2344,11-02-2018,Q1
140,935827969,cute,7850,4.3,free,Summer,boat-neck,sleeveless,,,1317,4744,3427,1317,27-02-2018,Q1
141,1130624045,Sexy,697,0,free,Autumn,slash-neck,short,empire,,2832,2389,0,2389,21-02-2018,Q1
142,547555172,cute,6230,4.7,XL,Summer,o-neck,short,empire,chiffonfabric,3675,3661,0,3661,30-03-2018,Q1
143,1083323104,Sexy,5492,4.5,L,Spring,o-neck,sleeveless,,,1895,3286,1391,1895,19-04-2018,Q1
144,955188745,Casual,4691,4.7,M,Autumn,o-neck,sleeveless,,cotton,1255,4859,3604,1255,25-06-2018,Q1
145,1140306858,Casual,4422,0,L,Spring,boat-neck,sleeveless,natural,cotton,2066,4142,2076,2066,17-05-2018,Q1
146,895807023,cute,2231,4.7,free,Summer,o-neck,sleeveless,,,3417,2580,0,2580,21-02-2018,Q1
147,818505402,Casual,4327,4.4,free,Summer,turndowncollor,sleeveless,natural,cotton,4827,2018,0,2018,31-03-2018,Q1
148,897981100,Casual,2884,4.8,L,Winter,v-neck,short,empire,polyster,2183,1966,0,1966,04-01-2018,Q1
149,973481686,vintage,2849,4.3,free,Winter,o-neck,short,,chiffonfabric,3894,3359,0,3359,08-06-2018,Q1
150,1021375534,cute,5963,4.5,L,Summer,o-neck,sleeveless,natural,cotton,2908,3846,938,2908,07-05-2018,Q1
151,549437715,Casual,2550,4.4,M,Summer,turndowncollor,sleeveless,natural,chiffonfabric,4584,3493,0,3493,20-02-2018,Q1
152,1097548715,vintage,4986,0,S,Winter,turndowncollor,halfsleeve,natural,cotton,2893,2099,0,2099,18-06-2018,Q1
153,578702321,Sexy,7122,4.7,free,Summer,turndowncollor,sleeveless,natural,cotton,2103,2807,704,2103,22-04-2018,Q1
154,1155548915,vintage,7112,0,L,Summer,o-neck,short,natural,cotton,1354,3367,2013,1354,09-02-2018,Q1
155,1199064757,Casual,2398,0,free,Spring,v-neck,threequarter,,silk,1177,3408,2231,1177,18-02-2018,Q1
156,1078994436,Sexy,5538,0,S,Autumn,slash-neck,short,natural,,4363,1575,0,1575,18-01-2018,Q1
157,949226757,Casual,6033,0,free,Spring,o-neck,short,natural,,4301,2607,0,2607,22-05-2018,Q1
158,832191944,cute,4837,5,free,Winter,o-neck,sleeveless,natural,silk,2204,4000,1796,2204,11-04-2018,Q1
159,869572905,Casual,3560,4.7,free,Summer,o-neck,sleeveless,,,3629,3788,159,3629,20-01-2018,Q1
160,896048351,Sexy,7391,4.8,free,Spring,v-neck,sleeveless,,,1122,4552,3430,1122,23-01-2018,Q1
161,854444464,Casual,1614,4.5,L,Winter,o-neck,short,natural,cotton,2409,2038,0,2038,28-04-2018,Q1
162,1246749980,vintage,812,0,S,Spring,o-neck,full,natural,mix,1313,2085,772,1313,31-03-2018,Q1
163,849613634,Casual,4262,3.7,free,Autumn,boat-neck,full,,,2155,1936,0,1936,05-04-2018,Q1
164,1019768234,vintage,1453,4.8,L,Winter,o-neck,sleeveless,natural,cotton,1863,4028,2165,1863,28-04-2018,Q1
165,785830491,cute,3104,0,XL,Spring,boat-neck,full,,cotton,1464,1409,0,1409,21-03-2018,Q1
166,832391864,Casual,7341,0,L,Winter,open,short,natural,mix,1420,2073,653,1420,18-02-2018,Q1
167,1069595866,Sexy,1763,5,M,Winter,o-neck,sleeveless,empire,polyster,4394,4952,558,4394,27-01-2018,Q1
168,733715437,Brief,1709,4.9,free,Summer,slash-neck,sleeveless,natural,,4495,2492,0,2492,13-05-2018,Q1
169,828949946,Casual,5522,4.9,S,Spring,o-neck,threequarter,natural,,2041,1409,0,1409,20-05-2018,Q1
170,765264430,Brief,3244,4.6,free,Winter,o-neck,full,natural,mix,1962,4804,2842,1962,07-01-2018,Q1
171,722020708,Casual,6965,4.5,free,Winter,o-neck,full,natural,mix,2284,1871,0,1871,11-01-2018,Q1
172,980295760,Casual,5740,4.8,XL,Summer,o-neck,short,empire,mix,3728,3660,0,3660,16-04-2018,Q1
173,913978120,Sexy,4264,4.6,L,Summer,o-neck,short,natural,spandex,4180,2841,0,2841,20-03-2018,Q1
174,1062354779,Casual,2493,4.5,M,Winter,v-neck,sleeveless,natural,,3560,2134,0,2134,24-05-2018,Q1
175,1051749304,work,1173,0,S,Autumn,o-neck,sleeveless,natural,linen,1590,4523,2933,1590,05-02-2018,Q1
176,1206128856,Casual,1705,0,L,Winter,o-neck,sleeveless,empire,polyster,4312,4940,628,4312,10-06-2018,Q1
177,956453735,cute,4955,5,L,Winter,o-neck,threequarter,natural,silk,2903,3415,512,2903,17-02-2018,Q1
178,767971724,Brief,3845,4.3,M,Spring,o-neck,full,natural,mix,4866,3646,0,3646,13-06-2018,Q1
179,722565148,Sexy,1595,4.4,free,Autumn,o-neck,full,empire,cotton,4671,4908,237,4671,17-02-2018,Q1
180,1167448608,cute,5133,0,free,Summer,peterpan-collar,short,empire,cotton,1586,3625,2039,1586,28-04-2018,Q1
181,549159213,Casual,4601,4.5,free,Summer,o-neck,short,natural,cotton,4043,4753,710,4043,26-02-2018,Q1
182,940918554,Sexy,2559,4.7,M,Winter,slash-neck,sleeveless,,nylon,4153,4558,405,4153,22-05-2018,Q1
183,522776523,Casual,1685,4.7,free,Spring,o-neck,sleeveless,empire,cotton,2564,1526,0,1526,28-02-2018,Q1
184,658650071,Casual,2761,4.8,M,Winter,peterpan-collar,short,natural,polyster,3621,3506,0,3506,29-06-2018,Q1
185,560474456,Sexy,4357,4.3,free,Winter,v-neck,sleeveless,natural,silk,3913,3456,0,3456,10-05-2018,Q1
186,1150052066,bohemian,5534,0,L,Winter,turndowncollor,full,natural,mix,2310,3293,983,2310,24-03-2018,Q1
187,929797706,Casual,2105,0,free,,o-neck,full,natural,cotton,3215,2608,0,2608,29-05-2018,Q1
188,886351969,cute,4630,4.8,free,Spring,slash-neck,sleeveless,natural,polyster,1885,3808,1923,1885,22-05-2018,Q1
189,1071947910,Sexy,6760,0,S,Autumn,v-neck,sleeveless,empire,cotton,2934,2996,62,2934,04-06-2018,Q1
190,813753347,Casual,5127,4.6,S,Spring,o-neck,full,natural,cotton,2551,4320,1769,2551,27-03-2018,Q1
191,733134203,vintage,6643,4.7,free,Spring,turndowncollor,sleeveless,natural,mix,2615,3809,1194,2615,25-06-2018,Q1
192,851256794,work,7478,4.7,free,Summer,o-neck,full,empire,cotton,2576,4058,1482,2576,23-04-2018,Q1
193,751049573,cute,7396,4.8,M,Summer,o-neck,short,natural,cotton,2529,3077,548,2529,24-01-2018,Q1
194,882490248,cute,7098,0,M,Summer,o-neck,short,natural,cotton,1866,3005,1139,1866,23-04-2018,Q1
195,541172235,Casual,7935,4.7,M,Winter,o-neck,full,,,2695,4074,1379,2695,28-03-2018,Q1
196,727676110,Casual,2423,4.6,free,Winter,o-neck,full,natural,polyster,3976,4465,489,3976,23-02-2018,Q1
197,891631697,party,1131,5,free,Summer,v-neck,sleeveless,,,3620,2378,0,2378,02-06-2018,Q1
198,1059306768,Casual,7334,0,free,Summer,v-neck,sleeveless,natural,cotton,4993,1474,0,1474,31-03-2018,Q1
199,764321904,Sexy,5325,5,L,Winter,o-neck,threequarter,natural,polyster,4091,4452,361,4091,09-01-2018,Q1
200,902108125,Sexy,6062,4.8,free,Winter,o-neck,sleeveless,natural,polyster,2788,4859,2071,2788,08-03-2018,Q1
201,874397327,Casual,4775,4.7,S,Summer,v-neck,short,natural,cotton,2190,2955,765,2190,25-02-2018,Q1
202,861698160,Casual,6670,4.1,M,Autumn,v-neck,full,,,4527,4808,281,4527,26-06-2018,Q1
203,981437831,Casual,6246,5,XL,Autumn,o-neck,short,natural,chiffonfabric,3158,3412,254,3158,14-01-2018,Q1
204,1036456647,Sexy,3866,5,M,Summer,v-neck,sleeveless,empire,cotton,1479,2645,1166,1479,13-01-2018,Q1
205,951280194,work,1864,4.6,L,Summer,slash-neck,short,natural,cotton,1117,2067,950,1117,15-04-2018,Q1
206,1079373429,Casual,5117,4.5,M,Summer,peterpan-collar,sleeveless,,,3725,2912,0,2912,21-05-2018,Q1
207,747381880,vintage,3722,4.5,L,Autumn,o-neck,sleeveless,empire,,3748,4027,279,3748,20-05-2018,Q1
208,1099363892,Casual,6526,0,M,Summer,o-neck,threequarter,natural,nylon,1803,2185,382,1803,26-03-2018,Q1
209,941333009,cute,3890,4.7,L,Summer,o-neck,sleeveless,natural,cotton,4779,2156,0,2156,03-01-2018,Q1
210,819651586,bohemian,7011,4.7,free,Winter,o-neck,short,natural,nylon,1688,2834,1146,1688,30-06-2018,Q1
211,1043590098,Casual,3068,5,free,Spring,slash-neck,sleeveless,empire,spandex,4300,1951,0,1951,30-06-2018,Q1
212,1091666465,Casual,5449,5,M,Winter,o-neck,sleeveless,natural,,1428,1561,133,1428,05-01-2018,Q1
213,863336720,Casual,6986,4.3,free,Summer,o-neck,sleeveless,natural,cotton,1804,2109,305,1804,15-02-2018,Q1
214,771972560,work,6679,4.5,M,Winter,v-neck,threequarter,,,2852,3599,747,2852,21-06-2018,Q1
215,756492184,Casual,7920,4.3,S,Spring,boat-neck,full,natural,cotton,1225,3436,2211,1225,09-02-2018,Q1
216,1097157656,Casual,3819,4.4,L,Autumn,o-neck,halfsleeve,natural,,1749,2414,665,1749,06-05-2018,Q1
217,573923366,Sexy,1605,4.3,M,Autumn,open,short,natural,lace,3914,4367,453,3914,05-02-2018,Q1
218,756620535,Casual,7403,4.6,free,Summer,o-neck,full,natural,cotton,3438,3123,0,3123,31-03-2018,Q1
219,765350508,Casual,2577,4.6,L,Winter,o-neck,full,,cotton,2391,3843,1452,2391,29-01-2018,Q1
220,968294356,Casual,6688,4.6,M,Spring,o-neck,sleeveless,natural,,3553,2730,0,2730,26-05-2018,Q1
221,1017678811,Casual,682,0,free,Autumn,peterpan-collar,threequarter,empire,,1655,3805,2150,1655,13-02-2018,Q1
222,933231033,Casual,5232,4.7,S,Spring,o-neck,halfsleeve,empire,,1716,1134,0,1134,26-01-2018,Q1
223,1199765487,Casual,5064,0,S,Summer,o-neck,sleeveless,empire,cotton,3401,2863,0,2863,26-06-2018,Q1
224,965817793,Casual,2444,4.8,free,Summer,o-neck,sleeveless,natural,cotton,4149,1764,0,1764,22-05-2018,Q1
225,1074432879,Casual,1438,5,S,Winter,o-neck,sleeveless,empire,polyster,4535,1860,0,1860,03-06-2018,Q1
226,1132858821,Sexy,3115,0,free,Winter,v-neck,sleeveless,natural,polyster,3625,2673,0,2673,18-02-2018,Q1
227,905732124,Casual,4618,4.4,free,Summer,o-neck,sleeveless,natural,polyster,2526,1510,0,1510,26-06-2018,Q1
228,711045472,Casual,7073,4.8,M,Autumn,v-neck,short,,,2367,2893,526,2367,03-06-2018,Q1
229,923983419,Casual,967,5,free,Summer,v-neck,sleeveless,,modal,4860,4219,0,4219,24-03-2018,Q1
230,733025646,Sexy,6413,4.8,M,Autumn,v-neck,full,natural,cotton,4181,2632,0,2632,27-01-2018,Q1
231,720099861,Casual,3279,4.6,free,Winter,v-neck,full,natural,cotton,4380,2471,0,2471,27-03-2018,Q1
232,923915314,Casual,1250,4.6,M,Winter,v-neck,full,natural,chiffonfabric,4726,2175,0,2175,22-02-2018,Q1
233,1077555214,Casual,544,5,S,Spring,o-neck,sleeveless,natural,chiffonfabric,3496,3576,80,3496,09-01-2018,Q1
234,1216538883,cute,7788,0,M,Winter,o-neck,short,natural,polyster,2074,4266,2192,2074,10-03-2018,Q1
235,531254082,Casual,5329,4.8,free,Spring,o-neck,sleeveless,,chiffonfabric,4324,1814,0,1814,17-02-2018,Q1
236,890279029,Casual,4648,4.6,M,Autumn,o-neck,short,empire,polyster,4705,2211,0,2211,15-04-2018,Q1
237,995964089,bohemian,5833,5,M,Spring,slash-neck,sleeveless,empire,,3086,4326,1240,3086,04-02-2018,Q1
238,868453353,Casual,3569,4.9,free,Winter,o-neck,sleeveless,empire,silk,1121,1455,334,1121,21-02-2018,Q1
239,1024954013,Casual,2386,4.7,L,Summer,o-neck,sleeveless,natural,silk,4831,3838,0,3838,25-04-2018,Q1
240,685606338,Casual,3354,4.6,M,Winter,o-neck,full,natural,cashmere,1027,2929,1902,1027,26-01-2018,Q1
241,877962269,Casual,963,4.7,M,Winter,v-neck,sleeveless,empire,polyster,1746,4416,2670,1746,13-05-2018,Q1
242,995644296,Sexy,1075,4.7,M,Winter,v-neck,sleeveless,natural,polyster,2278,1675,0,1675,05-01-2018,Q1
243,1066273951,Casual,3390,3.5,M,Winter,v-neck,short,natural,,1115,3552,2437,1115,08-06-2018,Q1
244,822176645,Casual,7029,4.8,M,Winter,o-neck,threequarter,natural,,2085,3202,1117,2085,12-05-2018,Q1
245,659466129,Casual,5173,0,M,Winter,o-neck,full,natural,cotton,4031,1653,0,1653,17-02-2018,Q1
246,694493217,Casual,7743,4.6,M,Summer,o-neck,sleeveless,natural,cotton,1147,1249,102,1147,19-06-2018,Q1
247,793162246,Casual,1561,4.7,L,Spring,v-neck,halfsleeve,natural,,2579,2288,0,2288,16-06-2018,Q1
248,817945281,Casual,2138,4.5,free,Summer,o-neck,full,natural,cotton,1348,3848,2500,1348,07-02-2018,Q1
249,920902282,Casual,5406,4.7,M,Summer,o-neck,sleeveless,natural,polyster,2362,1254,0,1254,29-01-2018,Q1
250,727820291,Casual,5862,4.5,M,Winter,o-neck,short,natural,chiffonfabric,2604,1234,0,1234,20-01-2018,Q1
251,699738864,Casual,5307,4.7,S,Summer,o-neck,full,natural,cotton,2583,2090,0,2090,03-06-2018,Q1
252,1197211965,cute,4410,0,free,Summer,boat-neck,sleeveless,,cotton,2047,4690,2643,2047,11-05-2018,Q1
253,682561447,party,7237,5,M,Spring,slash-neck,sleeveless,natural,chiffonfabric,1442,3062,1620,1442,05-06-2018,Q1
254,999081623,Casual,1173,4.9,M,Autumn,v-neck,sleeveless,,polyster,2841,2129,0,2129,26-06-2018,Q1
255,1108613896,party,4290,0,L,Winter,v-neck,sleeveless,natural,polyster,1776,1982,206,1776,24-03-2018,Q1
256,1054555186,party,2781,0,M,Winter,v-neck,capsleeves,,,1884,4527,2643,1884,28-02-2018,Q1
257,915238287,Casual,7484,4.4,M,Winter,v-neck,turndowncollar,,cotton,2573,1174,0,1174,12-04-2018,Q1
258,1107279894,party,2217,0,M,Spring,v-neck,threequarter,natural,lycra,3942,3902,0,3902,09-04-2018,Q1
259,1163040038,party,5575,0,M,Winter,sweetheart,sleeveless,natural,,4492,2539,0,2539,03-02-2018,Q1
260,1091877430,party,628,0,M,Spring,sweetheart,sleeveless,,nylon,4570,4371,0,4371,05-02-2018,Q1
261,1053467336,party,5334,5,M,Winter,o-neck,capsleeves,empire,polyster,2964,3499,535,2964,31-01-2018,Q1
262,609889168,party,1767,4.7,M,Winter,sweetheart,sleeveless,natural,,2604,3957,1353,2604,21-03-2018,Q1
263,662727740,party,4835,4.8,free,Winter,o-neck,sleeveless,empire,,4065,4814,749,4065,14-02-2018,Q1
264,1090993173,party,1972,4.5,L,Summer,,full,,,1669,1364,0,1364,18-05-2018,Q1
265,963684109,party,6767,4.9,M,Spring,sweetheart,sleeveless,empire,,1848,4679,2831,1848,16-04-2018,Q1
266,619817668,party,3848,4.6,M,Winter,sweetheart,sleeveless,natural,,3614,4097,483,3614,08-06-2018,Q1
267,1066740059,party,7027,5,M,Spring,sweetheart,sleeveless,natural,polyster,3181,1418,0,1418,03-01-2018,Q1
268,732184480,party,5496,4.8,L,Spring,sweetheart,sleeveless,empire,microfiber,4175,1380,0,1380,02-06-2018,Q1
269,1044683061,party,1719,0,M,Winter,sweetheart,sleeveless,natural,polyster,3749,1275,0,1275,31-03-2018,Q1
270,579010251,party,2374,4.6,L,Spring,slash-neck,sleeveless,empire,silk,1195,1439,244,1195,10-03-2018,Q1
271,751364623,party,664,4.8,L,,sweetheart,sleeveless,empire,,1644,3831,2187,1644,30-06-2018,Q1
272,898316819,party,612,4.6,S,Winter,Scoop,short,empire,,3303,2554,0,2554,22-01-2018,Q1
273,622667306,party,2854,4.9,M,Spring,sweetheart,sleeveless,natural,silk,2997,3380,383,2997,26-03-2018,Q1
274,809344968,party,6348,4.8,S,Spring,v-neck,sleeveless,empire,,3017,4930,1913,3017,06-01-2018,Q1
275,754138176,party,5518,4.2,L,Winter,v-neck,sleeveless,,,4573,4059,0,4059,01-06-2018,Q1
276,674192921,Casual,5552,4.4,free,Summer,o-neck,sleeveless,,,2193,4839,2646,2193,17-05-2018,Q1
277,726446177,party,3056,4.1,M,Winter,Scoop,short,natural,cotton,3941,3555,0,3555,16-05-2018,Q1
278,1193747589,party,4656,0,M,Winter,o-neck,full,natural,,4796,1825,0,1825,03-02-2018,Q1
279,676827184,Casual,3882,4.6,M,Summer,sweetheart,sleeveless,empire,,1402,1895,493,1402,08-04-2018,Q1
280,619996560,party,1945,4.7,free,Winter,o-neck,sleeveless,,polyster,1354,1246,0,1246,10-03-2018,Q1
281,618420156,party,2663,4.7,L,Winter,slash-neck,sleeveless,empire,rayon,2641,2503,0,2503,22-05-2018,Q1
282,689486739,party,2843,4.5,M,Spring,v-neck,capsleeves,,,1761,3749,1988,1761,13-01-2018,Q1
283,751364614,party,7394,4.7,free,Spring,sweetheart,sleeveless,empire,rayon,1586,4461,2875,1586,20-01-2018,Q1
284,825341937,party,7582,4.8,M,Summer,sweetheart,sleeveless,princess,,3631,1558,0,1558,23-03-2018,Q1
285,736813752,party,2943,4.6,M,Summer,slash-neck,sleeveless,natural,,3910,1692,0,1692,20-06-2018,Q1
286,636178374,party,7964,4.7,M,Winter,o-neck,sleeveless,empire,cotton,2108,3097,989,2108,30-01-2018,Q1
287,743485617,cute,2263,4.4,free,Spring,sweetheart,sleeveless,empire,spandex,4366,3647,0,3647,28-01-2018,Q1
288,933951149,party,7910,5,M,Spring,o-neck,sleeveless,,,2194,4055,1861,2194,27-06-2018,Q1
289,684561284,party,2696,4.8,free,Spring,sweetheart,sleeveless,natural,polyster,4515,4260,0,4260,16-05-2018,Q1
290,616295248,party,4679,4.8,M,Spring,o-neck,sleeveless,natural,silk,3325,4490,1165,3325,27-05-2018,Q1
291,736076633,party,4857,4.9,L,Spring,slash-neck,sleeveless,,,4281,1575,0,1575,14-03-2018,Q1
292,1108073621,party,4599,0,free,Winter,v-neck,short,empire,,2426,2903,477,2426,09-03-2018,Q1
293,1053002876,work,761,5,free,Winter,o-neck,halfsleeve,,microfiber,3531,4568,1037,3531,17-06-2018,Q1
294,444282011,party,2471,4.9,M,Spring,v-neck,sleeveless,empire,,2013,4391,2378,2013,02-02-2018,Q1
295,949336768,Casual,2720,5,free,Summer,v-neck,sleeveless,natural,nylon,3755,3493,0,3493,21-02-2018,Q1
296,961972778,Casual,6805,0,S,Spring,o-neck,full,,,2322,4997,2675,2322,08-01-2018,Q1
297,893088817,Casual,2978,4.7,M,Spring,o-neck,sleeveless,natural,cotton,4398,4070,0,4070,22-04-2018,Q1
298,952724683,party,926,0,M,Spring,v-neck,sleeveless,natural,,2458,4653,2195,2458,21-02-2018,Q1
299,855037000,Casual,6553,4.4,free,Summer,slash-neck,sleeveless,empire,cotton,2960,3608,648,2960,16-04-2018,Q1
300,660016574,Casual,4696,4.6,M,Winter,o-neck,short,natural,,2680,4499,1819,2680,08-05-2018,Q1
301,738079582,Casual,1343,4.4,free,Winter,halter,sleeveless,natural,,1322,4345,3023,1322,05-03-2018,Q1
302,861001391,party,1399,4.5,M,Winter,o-neck,sleeveless,,,2977,1823,0,1823,15-05-2018,Q1
303,1099696103,Casual,4791,4.8,free,Summer,o-neck,sleeveless,natural,,3058,4197,1139,3058,01-04-2018,Q1
304,1044288976,Sexy,3758,5,M,Summer,o-neck,sleeveless,natural,polyster,4832,4209,0,4209,01-05-2018,Q1
305,890848361,vintage,4804,4.9,free,Summer,o-neck,turndowncollar,empire,,1152,4142,2990,1152,13-03-2018,Q1
306,929503394,vintage,7807,4.7,S,Summer,turndowncollor,short,empire,cotton,3230,2643,0,2643,25-04-2018,Q1
307,1015249105,work,5760,4.9,M,Summer,square-collar,halfsleeve,empire,polyster,4627,1448,0,1448,18-06-2018,Q1
308,707537639,Casual,3047,4.7,L,Spring,o-neck,short,natural,chiffonfabric,3610,1812,0,1812,20-02-2018,Q1
309,702984554,Casual,679,4.8,L,Autumn,o-neck,short,natural,cashmere,3447,4597,1150,3447,28-02-2018,Q1
310,1023830972,Casual,4354,0,S,Winter,slash-neck,halfsleeve,natural,nylon,3759,3870,111,3759,01-04-2018,Q1
311,959052557,Casual,1666,4.2,S,Winter,v-neck,sleeveless,empire,,1233,4918,3685,1233,12-04-2018,Q1
312,1246945687,Novelty,3313,0,free,Summer,o-neck,full,natural,cotton,4694,2156,0,2156,27-06-2018,Q1
313,510519284,Casual,5651,4.3,free,Summer,backless,sleeveless,empire,chiffonfabric,4087,3659,0,3659,22-06-2018,Q1
314,1079958917,Casual,5058,3.7,M,Summer,boat-neck,sleeveless,natural,linen,2050,2305,255,2050,30-04-2018,Q1
315,1024325244,Casual,6497,5,free,Winter,o-neck,sleeveless,natural,polyster,4915,1308,0,1308,18-01-2018,Q1
316,1104504876,cute,6065,0,free,Winter,o-neck,sleeveless,natural,,4006,3131,0,3131,19-06-2018,Q1
317,1010356223,vintage,561,4.8,M,Summer,v-neck,full,natural,rayon,3519,3139,0,3139,10-04-2018,Q1
318,908989488,bohemian,2699,0,free,Spring,o-neck,sleeveless,natural,rayon,4940,1555,0,1555,21-04-2018,Q1
319,822081627,Sexy,3718,4.5,M,Summer,bowneck,sleeveless,,cotton,4310,1937,0,1937,01-04-2018,Q1
320,1116072373,Novelty,587,4.2,M,Winter,o-neck,halfsleeve,natural,polyster,3243,3113,0,3113,27-06-2018,Q1
321,856139963,Casual,6870,5,free,Spring,v-neck,full,natural,cotton,3187,1192,0,1192,02-06-2018,Q1
322,1032982013,Casual,876,5,L,Winter,o-neck,threequarter,natural,polyster,1756,1734,0,1734,03-03-2018,Q1
323,879756967,Casual,2242,4.8,M,Winter,v-neck,sleeveless,natural,polyster,4589,3104,0,3104,15-03-2018,Q1
324,912614690,bohemian,7500,5,free,Spring,o-neck,short,natural,nylon,1679,4206,2527,1679,28-01-2018,Q1
325,1072784739,Casual,3953,5,free,Spring,bowneck,sleeveless,natural,silk,1355,1817,462,1355,26-03-2018,Q1
326,945651303,Casual,6901,5,M,Spring,o-neck,sleeveless,natural,chiffonfabric,3265,3478,213,3265,24-06-2018,Q1
327,858212832,cute,5059,4.3,M,Summer,,,natural,cotton,3022,1116,0,1116,13-03-2018,Q1
328,886501087,cute,5718,0,L,Spring,o-neck,sleeveless,empire,,2618,4186,1568,2618,09-05-2018,Q1
329,944264938,Sexy,1626,4.8,free,Spring,slash-neck,sleeveless,natural,cotton,1992,4868,2876,1992,26-02-2018,Q1
330,918722829,Sexy,4978,4.8,free,Summer,slash-neck,sleeveless,empire,silk,4124,2490,0,2490,01-02-2018,Q1
331,750670078,Casual,4678,4.4,M,Winter,o-neck,sleeveless,natural,polyster,4940,1067,0,1067,16-03-2018,Q1
332,1028061165,Casual,2927,4.5,M,Winter,o-neck,sleeveless,natural,polyster,2630,4474,1844,2630,22-04-2018,Q1
333,961230947,work,7682,4.9,M,Winter,slash-neck,short,natural,polyster,3722,4716,994,3722,02-06-2018,Q1
334,849947393,cute,4307,4.6,free,Spring,o-neck,short,natural,chiffonfabric,2806,3458,652,2806,11-04-2018,Q1
335,857432541,Casual,5530,4.7,free,Spring,o-neck,halfsleeve,natural,silk,4736,4355,0,4355,22-01-2018,Q1
336,1088674674,Casual,3798,4.7,M,Winter,o-neck,full,empire,polyster,2813,1603,0,1603,30-06-2018,Q1
337,939250541,Casual,2871,4.8,M,Spring,o-neck,sleeveless,natural,cotton,4131,1845,0,1845,10-01-2018,Q1
338,880692544,Casual,1923,4.7,XL,Winter,v-neck,short,empire,milksilk,4513,1045,0,1045,13-03-2018,Q1
339,958270190,Casual,7494,0,L,Winter,v-neck,full,,,1925,2304,379,1925,11-06-2018,Q1
340,732757918,Sexy,1511,4.7,M,Autumn,slash-neck,sleeveless,natural,nylon,2562,1892,0,1892,05-02-2018,Q1
341,898646576,Casual,867,4.7,free,Winter,o-neck,sleeveless,natural,,3279,1543,0,1543,15-03-2018,Q1
342,950048509,Casual,7334,0,L,Winter,v-neck,full,,polyster,2167,3313,1146,2167,16-04-2018,Q1
343,754316257,Casual,6318,4.7,L,Summer,o-neck,sleeveless,natural,silk,1047,4539,3492,1047,07-04-2018,Q1
344,598523814,Casual,4176,4.7,free,Summer,v-neck,full,natural,cotton,2068,2665,597,2068,09-03-2018,Q1
345,774130360,Casual,6188,0,free,Winter,v-neck,full,,cashmere,4559,2411,0,2411,14-02-2018,Q1
346,555727400,Casual,6949,4.7,free,Summer,o-neck,capsleeves,natural,chiffonfabric,3563,1450,0,1450,26-02-2018,Q1
347,537463111,Casual,4151,4.7,M,Summer,o-neck,threequarter,,chiffonfabric,1315,4134,2819,1315,18-05-2018,Q1
348,933864550,Sexy,5191,4.5,free,Summer,slash-neck,sleeveless,,polyster,1087,3562,2475,1087,26-02-2018,Q1
349,944930838,vintage,7464,4,free,Summer,turndowncollor,short,natural,cotton,4606,3679,0,3679,14-02-2018,Q1
350,901346821,Sexy,5065,4.7,free,Summer,v-neck,sleeveless,,,4336,3039,0,3039,11-06-2018,Q1
351,818295153,bohemian,1001,5,free,Summer,o-neck,sleeveless,empire,cotton,1707,2302,595,1707,04-06-2018,Q1
352,943414146,Sexy,7110,4.5,S,Winter,v-neck,sleeveless,,polyster,4482,1001,0,1001,08-05-2018,Q1
353,1190383536,vintage,1701,0,free,Summer,o-neck,sleeveless,natural,cotton,2372,2708,336,2372,18-01-2018,Q1
354,869138763,Casual,5285,4.1,L,Winter,o-neck,sleeveless,natural,polyster,3585,1023,0,1023,12-02-2018,Q1
355,977173764,Casual,3371,4.2,M,Winter,v-neck,full,empire,polyster,4588,3256,0,3256,11-03-2018,Q1
356,918331326,Brief,3284,4.8,free,Winter,v-neck,halfsleeve,natural,polyster,1582,2186,604,1582,04-05-2018,Q1
357,955679920,Sexy,4557,4.8,S,Winter,v-neck,sleeveless,empire,polyster,4312,2406,0,2406,01-05-2018,Q1
358,862814652,Casual,4661,4.7,L,Winter,o-neck,sleeveless,natural,polyster,4297,4541,244,4297,15-02-2018,Q1
359,799301728,vintage,3984,4.7,M,Summer,v-neck,short,natural,rayon,1964,1739,0,1739,05-02-2018,Q1
360,1039384371,Casual,4973,4.8,free,Summer,o-neck,sleeveless,natural,cotton,1732,3582,1850,1732,11-04-2018,Q1
361,746518490,Sexy,2343,4.7,M,Winter,v-neck,sleeveless,natural,polyster,3477,1002,0,1002,16-04-2018,Q1
362,720665176,Casual,4130,5,S,Spring,turndowncollor,full,empire,cotton,4675,1965,0,1965,09-01-2018,Q1
363,1001750851,Casual,7217,1,M,Spring,o-neck,halfsleeve,,,3035,3769,734,3035,19-04-2018,Q1
364,882975367,Sexy,6474,4.1,free,Summer,v-neck,sleeveless,natural,cotton,4748,1958,0,1958,17-02-2018,Q1
365,1069577979,Casual,4841,4,free,Summer,v-neck,sleeveless,natural,cotton,4917,2954,0,2954,27-06-2018,Q1
366,711704151,cute,3853,4.6,free,Spring,v-neck,full,natural,cotton,4636,1044,0,1044,12-05-2018,Q1
367,876761815,Casual,4532,5,M,Spring,o-neck,sleeveless,natural,spandex,2665,4770,2105,2665,02-04-2018,Q1
368,845853510,Casual,1162,4.5,L,Summer,o-neck,short,natural,cotton,1628,2990,1362,1628,03-02-2018,Q1
369,832090686,cute,7597,4.6,M,Autumn,o-neck,threequarter,natural,silk,3971,4869,898,3971,16-01-2018,Q1
370,839305476,Casual,7134,4.6,free,Autumn,o-neck,halfsleeve,natural,chiffonfabric,1789,4062,2273,1789,29-01-2018,Q1
371,855418066,Casual,3950,4.7,L,Summer,,sleeveless,,cotton,4069,1287,0,1287,06-06-2018,Q1
372,1211480431,Sexy,1635,0,L,Summer,o-neck,sleeveless,empire,silk,2627,3629,1002,2627,08-02-2018,Q1
373,946741571,bohemian,1820,4,free,Winter,o-neck,sleeveless,natural,polyster,3857,3160,0,3160,27-01-2018,Q1
374,724177834,Casual,4557,4.7,free,Summer,o-neck,full,natural,cotton,3100,3533,433,3100,16-03-2018,Q1
375,975877364,work,6619,0,M,Summer,v-neck,sleeveless,natural,cotton,1151,1691,540,1151,02-05-2018,Q1
376,851697194,bohemian,2680,4.1,free,Summer,o-neck,threequarter,,,1208,2569,1361,1208,03-04-2018,Q1
377,1108356000,Casual,6265,0,M,Spring,o-neck,halfsleeve,natural,,3929,2267,0,2267,14-05-2018,Q1
378,871219565,Brief,2851,4.6,M,Summer,o-neck,short,natural,cotton,3087,1469,0,1469,04-05-2018,Q1
379,1250787559,cute,3788,0,free,Spring,v-neck,sleeveless,empire,chiffonfabric,2396,3859,1463,2396,23-05-2018,Q1
380,942245416,Casual,5076,5,M,Spring,o-neck,threequarter,,spandex,2000,3095,1095,2000,06-05-2018,Q1
381,900108476,Casual,3202,5,free,Winter,o-neck,full,natural,wool,2386,2870,484,2386,09-02-2018,Q1
382,1019672746,vintage,7024,4.5,L,Winter,o-neck,short,empire,,4618,1760,0,1760,09-03-2018,Q1
383,783980024,Casual,2523,4.5,free,Summer,o-neck,short,natural,polyster,3045,2391,0,2391,11-06-2018,Q1
384,970655043,bohemian,5902,4.4,L,Summer,bowneck,short,natural,cotton,2528,4630,2102,2528,05-05-2018,Q1
385,1139064593,Casual,2052,0,L,Winter,v-neck,threequarter,natural,polyster,3056,2906,0,2906,05-01-2018,Q1
386,939389270,Casual,6311,4.8,free,Winter,o-neck,sleeveless,,polyster,4559,1177,0,1177,31-05-2018,Q1
387,859321875,Brief,4426,4.7,M,Winter,o-neck,full,natural,cotton,1569,1474,0,1474,01-06-2018,Q1
388,703395323,Casual,3971,0,free,Winter,bowneck,full,,cashmere,4499,1863,0,1863,28-05-2018,Q1
389,966030991,party,1599,0,M,Summer,o-neck,full,natural,cotton,1116,3896,2780,1116,17-01-2018,Q1
390,866405822,bohemian,7339,4.8,S,Summer,v-neck,short,natural,cotton,2197,4864,2667,2197,11-05-2018,Q1
391,941564304,Sexy,1083,4.9,free,Summer,square-collar,sleeveless,natural,polyster,2263,3482,1219,2263,10-04-2018,Q1
392,1119360745,Casual,6528,3,M,Spring,turndowncollor,short,empire,polyster,4074,4630,556,4074,28-05-2018,Q1
393,932375745,Casual,6155,4.7,L,Autumn,o-neck,short,natural,polyster,4870,1321,0,1321,18-02-2018,Q1
394,789373177,Casual,1658,4.3,M,Autumn,o-neck,sleeveless,natural,polyster,3595,1273,0,1273,01-01-2018,Q1
395,1135456589,Casual,755,0,XL,Winter,v-neck,short,empire,polyster,4843,1619,0,1619,29-01-2018,Q1
396,932913675,Casual,6099,5,free,Summer,o-neck,sleeveless,natural,modal,1560,3884,2324,1560,12-01-2018,Q1
397,1217548862,vintage,7282,0,L,Summer,square-collar,short,empire,cotton,3237,4710,1473,3237,26-04-2018,Q1
398,755078866,Casual,2906,4.7,free,Winter,o-neck,sleeveless,natural,milksilk,2076,2142,66,2076,24-04-2018,Q1
399,1052420390,vintage,3398,5,M,Summer,v-neck,threequarter,natural,polyster,1691,4632,2941,1691,24-05-2018,Q1
400,924108301,Casual,1400,4.7,L,Summer,o-neck,full,natural,mix,2826,2330,0,2330,17-04-2018,Q1
401,675980168,bohemian,1897,4.6,M,Spring,o-neck,sleeveless,natural,chiffonfabric,2958,4009,1051,2958,22-05-2018,Q1
402,730603782,party,6495,4.8,M,Summer,o-neck,full,,cotton,4206,1957,0,1957,15-05-2018,Q1
403,934830377,bohemian,1837,4.6,free,Summer,v-neck,sleeveless,natural,cotton,4850,1856,0,1856,04-06-2018,Q1
404,689406468,party,5613,4.6,free,Summer,o-neck,sleeveless,empire,rayon,4453,2989,0,2989,14-03-2018,Q1
405,1016250560,vintage,3484,0,M,Spring,o-neck,halfsleeve,empire,polyster,2874,4778,1904,2874,28-02-2018,Q1
406,860334943,Casual,2548,4.9,L,Winter,o-neck,short,natural,cotton,4382,4288,0,4288,14-06-2018,Q1
407,835915937,Casual,7987,4.9,M,Summer,o-neck,short,dropped,cotton,3235,4349,1114,3235,01-05-2018,Q1
408,944641715,bohemian,4311,5,XL,Spring,v-neck,threequarter,natural,,1661,2449,788,1661,23-01-2018,Q1
409,869395176,Casual,944,4.7,M,Summer,o-neck,sleeveless,,cotton,3725,1303,0,1303,22-02-2018,Q1
410,1097435333,Casual,7341,0,free,Summer,bowneck,halfsleeve,,cotton,2774,2016,0,2016,23-02-2018,Q1
411,1124120907,Casual,4151,0,free,Summer,o-neck,sleeveless,natural,cotton,2556,2293,0,2293,02-06-2018,Q1
412,1130463523,Sexy,1316,0,free,Winter,o-neck,sleeveless,natural,polyster,3673,4902,1229,3673,01-03-2018,Q1
413,907669618,Sexy,4553,0,free,Spring,v-neck,full,natural,cotton,3348,3839,491,3348,30-05-2018,Q1
414,710089916,Brief,4745,4.9,XL,Spring,slash-neck,full,natural,,2772,2346,0,2346,28-05-2018,Q1
415,1065317917,Casual,2635,0,free,Autumn,v-neck,full,natural,cotton,1818,1432,0,1432,01-05-2018,Q1
416,737461130,Casual,2877,4.8,M,Summer,v-neck,full,natural,,2472,3648,1176,2472,13-03-2018,Q1
417,663993130,Casual,4329,4.9,L,Spring,square-collar,sleeveless,empire,,4751,4025,0,4025,16-06-2018,Q1
418,743417270,Sexy,4731,4.4,free,Summer,bowneck,sleeveless,natural,rayon,3042,4581,1539,3042,26-04-2018,Q1
419,798898277,bohemian,5978,4.6,free,Winter,o-neck,sleeveless,empire,polyster,1039,3270,2231,1039,21-04-2018,Q1
420,549401113,Casual,5648,4.6,free,Autumn,o-neck,full,natural,rayon,2878,2118,0,2118,20-03-2018,Q1
421,857189807,Sexy,3762,4.5,free,Summer,o-neck,sleeveless,empire,cotton,1205,2849,1644,1205,30-06-2018,Q1
422,1055149353,Sexy,1043,0,free,Winter,v-neck,,dropped,cotton,1532,1930,398,1532,23-03-2018,Q1
423,1199912555,Casual,1830,0,XL,Spring,bowneck,sleeveless,natural,mix,3793,2629,0,2629,28-04-2018,Q1
424,1249825438,Sexy,6848,0,free,Autumn,o-neck,full,natural,polyster,3852,1752,0,1752,04-03-2018,Q1
425,967191118,Sexy,1229,4.8,free,Spring,v-neck,sleeveless,natural,,1447,1440,0,1440,20-02-2018,Q1
426,871620435,Brief,5281,4.7,free,Autumn,o-neck,sleeveless,natural,,1915,4164,2249,1915,31-01-2018,Q1
427,865490824,Sexy,1003,5,M,Summer,v-neck,sleeveless,natural,mix,2937,3193,256,2937,07-05-2018,Q1
428,1079955163,Casual,3405,4.6,L,Summer,bowneck,full,dropped,cotton,4949,2800,0,2800,24-05-2018,Q1
429,600514129,cute,1349,4.9,S,Summer,bowneck,sleeveless,empire,,2333,1798,0,1798,13-04-2018,Q1
430,720087997,Casual,4919,4.3,free,Spring,o-neck,full,,,1851,4204,2353,1851,27-05-2018,Q1
431,699651184,Casual,2834,4.7,S,Autumn,o-neck,sleeveless,natural,cotton,4218,3981,0,3981,20-01-2018,Q1
432,605122868,Casual,1052,4.8,L,Autumn,boat-neck,sleeveless,natural,,2333,1771,0,1771,05-05-2018,Q1
433,1000425584,cute,3555,4.5,L,Winter,v-neck,sleeveless,natural,polyster,1795,2315,520,1795,30-01-2018,Q1
434,898316315,party,6602,0,M,Spring,o-neck,sleeveless,,,1368,4042,2674,1368,18-01-2018,Q1
435,1017484769,Sexy,5715,0,free,Summer,v-neck,sleeveless,dropped,,4640,4281,0,4281,29-03-2018,Q1
436,909624960,work,4252,5,M,Summer,o-neck,sleeveless,natural,,3537,1384,0,1384,13-03-2018,Q1
437,1086459983,Novelty,7700,5,free,Summer,o-neck,sleeveless,natural,,1553,4842,3289,1553,02-02-2018,Q1
438,593007494,Casual,7499,4.6,free,Spring,v-neck,sleeveless,natural,silk,2708,3022,314,2708,10-02-2018,Q1
439,660179663,Casual,890,4.5,M,Summer,o-neck,full,natural,cotton,1404,2123,719,1404,11-06-2018,Q1
440,751776863,Casual,5773,4.5,free,Autumn,o-neck,halfsleeve,natural,cotton,2527,4895,2368,2527,14-03-2018,Q1
441,1253973206,cute,1653,0,M,Summer,boat-neck,short,,,2546,1344,0,1344,08-01-2018,Q1
442,828790972,party,7028,4.9,M,Winter,o-neck,halfsleeve,,cotton,1780,4503,2723,1780,02-03-2018,Q1
443,933413410,Casual,3901,4.8,M,Summer,o-neck,halfsleeve,,,4869,3181,0,3181,07-01-2018,Q1
444,550959163,Casual,5035,4.4,L,Summer,o-neck,sleeveless,natural,cotton,2742,1826,0,1826,20-03-2018,Q1
445,933926000,Casual,1410,4.3,M,Winter,slash-neck,sleeveless,natural,polyster,2199,3744,1545,2199,11-01-2018,Q1
446,953168456,cute,4834,4.7,L,Summer,o-neck,sleeveless,natural,polyster,2120,1898,0,1898,29-04-2018,Q1
447,1124754999,Sexy,3599,0,S,Summer,v-neck,sleeveless,,,2394,3588,1194,2394,09-06-2018,Q1
448,832949213,Casual,743,4.4,free,Summer,o-neck,sleeveless,,,1683,3185,1502,1683,29-03-2018,Q1
449,801216472,cute,1942,4.3,M,Spring,boat-neck,full,natural,polyster,1619,2930,1311,1619,13-04-2018,Q1
450,929898500,work,5362,4.8,M,Winter,turndowncollor,full,natural,,3573,2222,0,2222,23-02-2018,Q1
451,850490510,Casual,5486,4.6,M,Spring,o-neck,halfsleeve,natural,polyster,4421,2016,0,2016,13-02-2018,Q1
452,1099394392,Sexy,5518,0,free,Summer,v-neck,sleeveless,empire,cotton,4595,4416,0,4416,04-06-2018,Q1
453,674885710,Casual,5887,4.9,XL,Winter,v-neck,full,empire,cotton,3360,3873,513,3360,27-02-2018,Q1
454,1122991519,Sexy,5592,0,free,Winter,o-neck,sleeveless,natural,lycra,3542,1865,0,1865,13-03-2018,Q1
455,904781800,cute,3426,5,M,Autumn,v-neck,sleeveless,natural,cotton,1457,2456,999,1457,11-05-2018,Q1
456,974438263,cute,6649,0,free,Spring,v-neck,sleeveless,natural,silk,2240,4874,2634,2240,21-05-2018,Q1
457,875608094,Casual,2473,4.4,free,Summer,o-neck,full,natural,cotton,2342,3653,1311,2342,16-05-2018,Q1
458,1061890181,Casual,7769,0,L,Spring,o-neck,sleeveless,natural,chiffonfabric,4932,1404,0,1404,05-03-2018,Q1
459,1033144189,cute,5702,4.7,M,Spring,o-neck,full,natural,rayon,2067,2274,207,2067,02-06-2018,Q1
460,860406062,Casual,1560,4.6,M,Winter,v-neck,halfsleeve,natural,silk,2293,1727,0,1727,25-01-2018,Q1
461,692445545,Casual,2581,4.4,free,Summer,o-neck,full,natural,cotton,4572,4466,0,4466,31-03-2018,Q1
462,974775647,Casual,4490,5,M,Autumn,o-neck,sleeveless,empire,,3064,2467,0,2467,02-03-2018,Q1
463,1109819647,Casual,6693,0,free,Winter,o-neck,short,natural,polyster,3450,4031,581,3450,26-04-2018,Q1
464,1223469038,Sexy,7289,0,free,Winter,slash-neck,sleeveless,natural,cotton,3158,1717,0,1717,28-04-2018,Q1
465,511503677,Casual,7525,4.4,M,Summer,o-neck,halfsleeve,empire,chiffonfabric,1368,1731,363,1368,11-02-2018,Q1
466,1190558632,cute,2474,0,L,Summer,o-neck,sleeveless,empire,cotton,3433,3932,499,3433,24-06-2018,Q1
467,641665398,Casual,7474,4.8,free,Winter,bowneck,full,natural,polyster,2562,1843,0,1843,15-05-2018,Q1
468,964917582,Casual,2250,5,L,Summer,o-neck,sleeveless,natural,cotton,1319,3942,2623,1319,01-06-2018,Q1
469,859922576,cute,3014,4.6,M,Spring,o-neck,halfsleeve,natural,acrylic,4852,1052,0,1052,24-01-2018,Q1
470,817353671,bohemian,2482,4.6,free,Summer,o-neck,sleeveless,natural,cotton,1724,2504,780,1724,12-02-2018,Q1
471,990559192,Brief,5928,4.7,M,Winter,o-neck,halfsleeve,natural,acrylic,2529,1005,0,1005,30-03-2018,Q1
472,713391965,Casual,2360,4.7,M,Spring,o-neck,full,natural,polyster,2499,3495,996,2499,04-01-2018,Q1
473,532874347,Casual,5107,4.7,M,Summer,v-neck,full,empire,cotton,4710,2070,0,2070,07-06-2018,Q1
474,655464934,Casual,1363,4.6,L,Winter,boat-neck,sleeveless,empire,silk,4519,2951,0,2951,17-03-2018,Q1
475,919930954,Casual,6791,4.4,free,Summer,v-neck,short,empire,cotton,3963,3672,0,3672,10-03-2018,Q1
476,1006032852,Sexy,6968,4.6,M,Summer,o-neck,sleeveless,empire,,4000,3800,0,3800,16-10-2018,Q2
477,1212192089,Casual,7688,0,L,Summer,o-neck,Petal,natural,microfiber,5000,4200,0,4200,07-08-2018,Q2
478,1190380701,vintage,3052,0,L,Autumn,o-neck,full,natural,polyster,5000,3190,0,3190,31-10-2018,Q2
479,966005983,Brief,6630,4.6,L,Spring,o-neck,full,natural,silk,4000,3388,0,3388,16-08-2018,Q2
480,876339541,cute,3164,4.5,M,Summer,o-neck,butterfly,natural,chiffonfabric,5000,4239,0,4239,01-11-2018,Q2
481,1068332458,bohemian,7846,0,M,Summer,v-neck,sleeveless,empire,,2000,1239,0,1239,22-10-2018,Q2
482,1220707172,Casual,2516,0,XL,Summer,o-neck,full,,cotton,1259,1250,0,1250,12-08-2018,Q2
483,1219677488,Novelty,2239,0,free,Autumn,o-neck,short,natural,polyster,5489,4500,0,4500,08-09-2018,Q2
484,1113094204,Flare,3132,0,free,Spring,v-neck,short,empire,cotton,5000,4800,0,4800,26-11-2018,Q2
485,985292672,bohemian,4297,0,free,Summer,v-neck,sleeveless,natural,nylon,2000,1800,0,1800,11-12-2018,Q2
486,1117293701,party,4790,5,free,Summer,o-neck,full,natural,polyster,4000,3580,0,3580,09-10-2018,Q2
487,898481530,Flare,6675,0,free,Spring,v-neck,short,,nylon,5000,4000,0,4000,12-11-2018,Q2
488,957723897,Sexy,4064,4.7,M,Winter,o-neck,threequarter,,,2000,1900,0,1900,04-11-2018,Q2
489,749031896,vintage,3654,4.8,M,Summer,o-neck,short,empire,cotton,5000,4290,0,4290,25-09-2018,Q2
490,1055411544,Casual,2947,5,M,Summer,boat-neck,short,,cotton,3000,2800,0,2800,14-07-2018,Q2
491,1162628131,Casual,4169,0,free,Winter,boat-neck,full,,,3692,3500,0,3500,18-11-2018,Q2
492,624314841,cute,6895,4.7,L,Spring,o-neck,short,,cotton,5269,5128,0,5128,23-12-2018,Q2
493,830467746,bohemian,1638,5,free,Autumn,o-neck,full,natural,,5267,5200,0,5200,22-08-2018,Q2
494,840857118,Brief,2724,0,M,Winter,peterpan-collar,threequarter,natural,cotton,4000,3500,0,3500,19-10-2018,Q2
495,1113221101,Sexy,2553,5,M,Autumn,o-neck,sleeveless,empire,milksilk,5000,4520,0,4520,24-08-2018,Q2
496,861754372,Sexy,5495,4.5,L,Autumn,o-neck,full,,cotton,4000,3500,0,3500,27-11-2018,Q2
497,856178100,Casual,3672,4.3,M,Summer,o-neck,sleeveless,natural,,5000,4800,0,4800,07-11-2018,Q2
498,1122989777,Brief,5940,4,XL,Summer,v-neck,short,natural,cotton,2000,1800,0,1800,27-12-2018,Q2
499,840516484,Sexy,1653,4.7,S,Summer,v-neck,sleeveless,empire,cotton,1000,900,0,900,12-08-2018,Q2
500,768517084,Sexy,6031,0,free,Autumn,v-neck,sleeveless,natural,polyster,5000,4205,0,4205,07-11-2018,Q2
501,1139843344,Sexy,7395,0,M,Autumn,o-neck,sleeveless,empire,cotton,2000,1850,0,1850,04-12-2018,Q2
502,1004212992,Sexy,7151,4.7,M,Spring,o-neck,sleeveless,natural,,8500,7050,0,7050,30-11-2018,Q2
503,1235426503,Casual,6574,0,L,Summer,o-neck,sleeveless,natural,cotton,6580,6000,0,6000,02-09-2018,Q2
504,942808364,cute,7406,4.3,free,Autumn,o-neck,sleeveless,natural,polyster,5000,4605,0,4605,27-11-2018,Q2
